{"cameraMode":{"drawMode":0,"name":"Shaded","section":"Shading Mode"},"sceneLighting":true,"audioPlay":false,"sceneViewState":{"m_AlwaysRefresh":false,"showFog":true,"showSkybox":true,"showFlares":true,"showImageEffects":true,"showParticleSystems":true,"showVisualEffectGraphs":true,"m_FxEnabled":true},"in2DMode":false,"pivot":{"x":130.6901092529297,"y":-321.14398193359377,"z":-526.1761474609375},"rotation":{"x":0.12978260219097138,"y":-0.25205016136169436,"z":0.037069179117679599,"w":0.9585976600646973},"size":211.7963104248047,"orthographic":false}