{"cameraMode":{"drawMode":0,"name":"Shaded","section":"Shading Mode"},"sceneLighting":true,"audioPlay":false,"sceneViewState":{"m_AlwaysRefresh":false,"showFog":true,"showSkybox":true,"showFlares":true,"showImageEffects":true,"showParticleSystems":true,"showVisualEffectGraphs":true,"m_FxEnabled":true},"in2DMode":false,"pivot":{"x":318.3618469238281,"y":-238.1932830810547,"z":-751.0106201171875},"rotation":{"x":-0.20863713324069978,"y":0.030612504109740258,"z":-0.009455042891204358,"w":-0.9778033494949341},"size":87.48043823242188,"orthographic":false}